Object,Neighbor,Distance
1,3,1.0
1,5,1.0
2,4,3.605551275463989
2,6,1.0
3,1,1.0
3,4,1.0
3,5,1.0
3,7,1.0
4,2,3.605551275463989
4,3,1.0
4,6,1.0
4,7,1.0
4,9,1.0
5,1,1.0
5,3,1.0
5,7,1.0
5,8,1.0
6,2,1.0
6,4,1.0
6,9,1.0
6,10,1.0
6,11,1.0
7,3,1.0
7,4,1.0
7,5,1.0
7,8,1.0
7,9,1.0
8,5,1.0
8,7,1.0
8,9,1.0
8,12,1.0
9,4,1.0
9,6,1.0
9,7,1.0
9,8,1.0
9,11,1.0
9,12,1.0
10,6,1.0
10,11,1.0
11,6,1.0
11,9,1.0
11,10,1.0
11,12,1.0
12,8,1.0
12,9,1.0
12,11,1.0
