Object,Neighbor,Distance
1,2,1.0
1,6,3.0
2,1,1.0
2,3,1.0
2,4,1.0
3,2,1.0
3,4,1.0
3,5,2.23606797749979
3,7,1.0
4,2,1.0
4,3,1.0
4,8,1.0
5,3,2.23606797749979
5,7,1.0
6,1,3.0
6,10,1.0
7,3,1.0
7,5,1.0
7,9,1.0
8,4,1.0
8,10,1.0
8,11,1.0
9,7,1.0
9,11,2.0
10,6,1.0
10,8,1.0
10,11,1.0
11,8,1.0
11,9,2.0
11,10,1.0
