Object,Neighbor,Distance
1,2,1.0
1,3,1.0
2,1,1.0
2,3,1.0
3,1,1.0
3,2,1.0
3,4,1.0
3,5,1.0
3,6,2.8284271247461903
3,7,1.0
4,3,1.0
4,5,1.0
5,3,1.0
5,4,1.0
5,7,1.0
6,3,2.8284271247461903
6,7,1.0
7,3,1.0
7,5,1.0
7,6,1.0
7,8,1.0
8,7,1.0
