Object,Neighbor,Distance
1,2,1.0
1,3,1.0
1,5,1.0
2,1,1.0
2,3,1.0
2,4,1.0
3,1,1.0
3,2,1.0
3,4,1.0
3,5,1.0
3,6,1.0
3,7,1.0
4,2,1.0
4,3,1.0
4,6,1.0
4,10,2.8284271247461903
5,1,1.0
5,3,1.0
5,6,4.0
5,7,1.0
5,8,1.0
5,9,1.0
6,3,1.0
6,4,1.0
6,7,1.0
6,10,1.0
7,3,1.0
7,5,1.0
7,6,1.0
7,8,1.0
7,10,1.0
7,11,2.23606797749979
8,5,1.0
8,7,1.0
8,9,1.0
8,10,1.0
8,11,1.0
9,5,1.0
9,8,1.0
9,11,1.0
10,4,2.8284271247461903
10,6,1.0
10,7,1.0
10,8,1.0
10,11,1.0
11,7,2.23606797749979
11,8,1.0
11,9,1.0
11,10,1.0
