Object,Neighbor,Distance
1,2,1.0
1,3,1.0
2,1,1.0
2,3,1.0
2,5,1.0
3,1,1.0
3,2,1.0
3,5,1.0
4,6,1.0
4,8,1.0
5,2,1.0
5,3,1.0
6,4,1.0
6,7,1.0
6,8,1.0
6,9,2.23606797749979
7,6,1.0
7,8,1.0
7,9,1.0
8,4,1.0
8,6,1.0
8,7,1.0
8,9,1.0
9,6,2.23606797749979
9,7,1.0
9,8,1.0
