Object,Neighbor,Distance
1,5,1.0
1,6,1.0
1,7,1.0
2,3,1.0
2,4,1.0
3,2,1.0
3,4,1.0
3,5,1.0
3,8,1.0
3,10,3.1622776601683795
4,2,1.0
4,3,1.0
4,8,1.0
4,10,1.0
5,1,1.0
5,3,1.0
5,7,1.0
5,8,1.0
6,1,1.0
6,7,1.0
6,9,1.0
7,1,1.0
7,5,1.0
7,6,1.0
7,8,1.0
7,9,1.0
7,12,1.0
8,3,1.0
8,4,1.0
8,5,1.0
8,7,1.0
8,10,1.0
8,11,1.0
8,12,1.0
9,6,1.0
9,7,1.0
9,12,1.0
10,3,3.1622776601683795
10,4,1.0
10,8,1.0
10,11,1.0
11,8,1.0
11,10,1.0
11,12,1.0
12,5,4.0
12,7,1.0
12,8,1.0
12,9,1.0
12,11,1.0
