Object,Neighbor,Distance
1,2,1.0
1,3,1.0
1,5,3.605551275463989
2,1,1.0
2,3,1.0
2,4,1.0
2,5,1.0
3,1,1.0
3,2,1.0
3,4,1.0
3,6,1.0
4,2,1.0
4,3,1.0
4,5,1.0
4,6,1.0
4,8,2.0
5,1,3.605551275463989
5,2,1.0
5,4,1.0
5,7,1.0
6,3,1.0
6,4,1.0
6,8,1.0
7,5,1.0
7,9,1.0
8,4,2.0
8,6,1.0
8,10,1.0
9,7,1.0
9,8,4.0
9,10,1.0
9,11,1.0
10,8,1.0
10,9,1.0
10,11,1.0
10,12,1.0
11,9,1.0
11,10,1.0
11,12,1.0
12,10,1.0
12,11,1.0
