Object,Ag107,Cytokeratin 5,Laminin,YBX1,H3K27Ac
1,0.30944426008995546,0.08981662100933968,53.47562477056017,5.678595301952768,13.956760457221497
2,0.423665352025122,0.06135996754439372,20.305564338306212,5.294520594039053,13.60093615527423
3,0.36068014289016154,0.08188750494771929,30.545681326246974,6.801999581393911,15.310585260391235
4,0.2530194171096968,0.07417533190354057,3.6888881196146426,6.097827066545901,19.6705589864565
5,0.35209507489726494,0.09801964429173156,11.142523753381994,8.665954998809926,9.152633501665436
6,0.4284714699810387,0.02564102564102564,18.457420309894104,6.120276605981028,9.193176137076485
7,0.2344915595921603,0.06345968174211906,10.649612323804336,7.1619368963169325,10.723030213153724
