Object,Ag107,Cytokeratin 5,Laminin,YBX1,H3K27Ac
1,0.06545358070960412,0.046153846153846156,0.07692307692307693,0.09696507453918457,0.7501489602602445
2,0.08438299254824717,0.05818626408775648,0.0042392027874787646,0.055236769219239555,0.6582037334640821
3,0.12422162604828675,0.09822298834721248,0.03845147602260113,0.04292155088235935,0.7953856304908792
4,0.12734356798043772,0.04361566595670556,0.0494151287719983,0.05388079450911835,0.4885019304872561
5,0.2106841034359402,0.022222222222222223,0.06048374440934923,0.03036172654893663,0.7641167667176988
6,0.19809456169605255,0.08768948167562485,0.03125,0.00992934312671423,0.773997588083148
7,0.11864478505804947,0.06259515794251254,0.030889888188828984,0.059515367491973496,0.594995590433416
8,0.29092580548832925,0.07939328772298405,0.06432899866211281,0.011235955056179775,0.5037659781702449
