Object,area,centroid-0,centroid-1,major_axis_length,minor_axis_length,eccentricity
1,139,8.215827338129497,19.381294964028775,20.67119221752659,9.354188327778427,0.8917527706722014
2,273,17.036630036630036,8.355311355311356,19.998009701685145,17.685120186072645,0.46683579942233283
3,139,18.20863309352518,23.366906474820144,15.587564432716933,11.8621178165181,0.6487532871139694
4,182,20.615384615384617,64.32417582417582,24.337124735010402,10.622752443427807,0.8997122806629235
5,258,30.51937984496124,18.786821705426355,22.8782380169408,14.803375220771178,0.7624471507227972
6,238,26.68487394957983,56.81512605042017,23.82310702899917,13.65866540787608,0.8193197444204109
7,98,33.224489795918366,45.755102040816325,15.466169793828076,8.853168914114846,0.819959491078974
8,158,38.177215189873415,60.93037974683544,21.00988775049236,10.85832932076409,0.8560941129497351
9,108,41.46296296296296,47.351851851851855,15.58946257558499,9.820763442914792,0.7766262482917942
