Object,area,centroid-0,centroid-1,major_axis_length,minor_axis_length,eccentricity
1,65,4.523076923076923,34.01538461538462,13.001221954602691,7.025376857852489,0.8414321310455248
2,96,7.229166666666667,27.697916666666668,14.825415705000772,10.347626231090922,0.7161315464970319
3,192,19.135416666666668,37.6875,17.39292062282302,14.909630313896672,0.5149435727593397
4,595,24.448739495798318,17.01344537815126,47.44364419632656,20.118478314331124,0.905638768909189
5,45,28.866666666666667,36.24444444444445,9.091644449113428,6.283254344805908,0.7227571665502445
6,64,30.53125,51.640625,12.525994442666695,6.728107607067761,0.8434984467442754
7,239,36.94142259414226,43.66945606694561,21.38999083945227,17.3290808003434,0.58622394490797
8,89,46.52808988764045,53.247191011235955,13.100024565033959,9.134769904631176,0.716770283638874
