Object,area,centroid-0,centroid-1,axis_major_length,axis_minor_length,eccentricity
1,87,3.67816091954023,20.022988505747126,14.316228554170246,8.29904277712803,0.8148337112710596
2,64,6.265625,8.234375,10.429190698068645,7.95136270605979,0.6470893622277615
3,53,8.132075471698114,25.30188679245283,10.592159743265418,6.491868037811066,0.790165365826617
4,37,10.108108108108109,13.35135135135135,7.468702089997269,6.341804876442543,0.5282041711130772
5,29,11.724137931034482,18.79310344827586,6.761672012514283,5.641415640590722,0.5512765476687427
6,62,15.387096774193548,8.387096774193548,9.692989645456532,8.275068155717616,0.5207375692540466
7,99,16.303030303030305,26.545454545454547,12.691636463983023,10.144703922586018,0.6009029709588555
8,60,17.3,17.5,10.961824957062076,7.023654813846162,0.7677598350854624
9,54,22.62962962962963,13.61111111111111,9.754827085827754,7.102888868723141,0.6854274474308611
