Object,area,centroid-0,centroid-1,major_axis_length,minor_axis_length,eccentricity
1,90,3.1,19.166666666666668,13.736158742585127,9.016167496882229,0.7544286949910365
2,112,5.517857142857143,7.660714285714286,14.703567527597944,9.911804955282934,0.7386320208128679
3,70,7.328571428571428,25.042857142857144,13.868936881496108,7.1040329148046615,0.8588505773853821
4,41,10.317073170731707,13.24390243902439,8.718001420364928,6.110524489202779,0.7132508405769694
5,144,16.20138888888889,27.055555555555557,17.269586514544194,10.834962504820716,0.77869602642854
6,118,17.76271186440678,7.745762711864407,16.704797158824636,9.557910797126228,0.8201380928758346
7,138,19.231884057971016,16.992753623188406,18.9592164444418,10.062413506859277,0.8475347249544141
