Object,area,centroid-0,centroid-1,major_axis_length,minor_axis_length,eccentricity
1,161,6.062111801242236,30.366459627329192,17.0810373774534,12.684041012947329,0.6697570990341477
2,191,19.151832460732983,38.0,18.519392650893042,13.97205139290299,0.6563515884720175
3,604,24.74337748344371,17.14569536423841,47.01871674601429,20.88265716022445,0.8959598836686146
4,47,28.97872340425532,36.08510638297872,9.526744530369317,6.70431154168104,0.7104617307620247
5,296,35.84121621621622,45.222972972972975,25.270363050279396,16.292732329588286,0.7644046659569715
6,99,46.43434343434343,53.14141414141414,13.168778154008708,9.907266928169825,0.6587864329918963
