Object,area,centroid-0,centroid-1,major_axis_length,minor_axis_length,eccentricity
1,94,3.202127659574468,19.648936170212767,14.82802456938155,8.622942000617043,0.8135249170380283
2,106,5.40566037735849,7.89622641509434,14.813861807417036,9.190278053677234,0.7842984723489546
3,67,7.880597014925373,25.19402985074627,13.278391526233609,6.650336706603663,0.8655404484721593
4,46,10.41304347826087,13.434782608695652,8.919378936125579,6.921547326286124,0.6307178340618875
5,137,16.693430656934307,26.664233576642335,16.403598856802187,11.061595203313539,0.7384214198909391
6,117,17.683760683760685,7.7094017094017095,16.351102475449814,9.588878106827867,0.8099954348436124
7,132,19.446969696969695,16.87878787878788,18.619009329171426,9.42390544816275,0.8624488085271016
