Object,area,centroid-0,centroid-1,major_axis_length,minor_axis_length,eccentricity
1,116,8.112068965517242,19.732758620689655,16.811669237110536,10.138183250764492,0.7977076110857865
2,285,16.480701754385965,8.378947368421052,21.135166948284496,17.532658784086653,0.558433779137606
3,145,17.52413793103448,23.662068965517243,17.207216038563388,11.561204207099678,0.7406589714122623
4,114,19.92982456140351,65.86842105263158,18.898559890560946,8.458206893701744,0.8942547674465113
5,267,30.355805243445694,18.722846441947567,22.866779692076356,15.312903596023755,0.7426703429717157
6,315,25.77777777777778,57.73968253968254,25.260560891340674,17.279895152483462,0.7294199575272814
7,99,33.90909090909091,45.323232323232325,15.388097334658077,8.684628079418117,0.8255198438183197
8,150,38.31333333333333,61.24,20.471734913350982,10.626490100673347,0.854725008927729
9,110,41.59090909090909,47.972727272727276,16.364633868216142,10.078784592156984,0.7878335788908858
