Object,Ag107,Cytokeratin 5,Laminin,YBX1,H3K27Ac
1,0.3299806675464987,19.909836457144444,21.682396758160145,2.0418507319560155,3.8457319453465852
2,0.24434649005477682,54.06158193039807,1.057068937645727,3.651160160809646,2.6016889415381157
3,0.34524454916123865,61.08768625225095,18.369309417635417,4.026991375916296,4.937674271117012
4,0.5873782071438465,106.46680053118821,2.0751882241322446,4.25035299704625,1.811904218825665
5,0.2864103882118713,39.49431465485299,5.817327740118485,3.5626274720411892,2.8119218157705412
6,0.42941880188569304,186.4521531738153,0.5798782245451662,3.861620402135769,2.5962828159833156
7,0.30038612168662404,38.50213644820817,0.6285242407905812,3.6110490633516896,3.1113994565545298
8,0.3555990359451197,97.71619649401194,0.5706304311752319,3.9866625613804105,3.4607453323617765
9,0.3067542502173671,35.26543040959923,1.3847963923105486,4.958221686107141,7.608446166471198
