Object,Ag107,Cytokeratin 5,Laminin,YBX1,H3K27Ac
1,0.0767406834208447,0.05332845560512187,0.03358362402234759,0.07208360055959002,0.6911929790277659
2,0.12487200105377518,0.10397284692494657,0.033417190556750874,0.04314627104404709,0.7719906584130531
3,0.12544606448404047,0.04296576364940365,0.05033443976711753,0.05128933795240541,0.48458925032655137
4,0.222995418183347,0.0425531914893617,0.057909968051504584,0.05034633392983295,0.7528777553680095
5,0.12363825285354176,0.05598773505236652,0.03845501107138556,0.05020152294152492,0.6477847232206447
6,0.298398120234711,0.09157578391258163,0.05783112000937414,0.010101010101010102,0.4528805258298161
