Object,Ag107,Cytokeratin 5,Laminin,YBX1,H3K27Ac
1,0.3231973383161757,0.07158624860975478,49.81790022386445,5.81362062825097,14.344182750913832
2,0.40096899388091906,0.05807282642594406,18.44979676604271,5.1942166813782285,12.90820422662156
3,0.35429807220186504,0.10694946902138847,33.108104784999576,5.846900040762765,14.856389416967119
4,0.2715589680322787,0.04878048780487805,3.835898201640059,6.006724904223186,20.416468940130095
5,0.3144665461861425,0.08622005499071544,13.363603557149569,8.570598608089817,8.690882701012823
6,0.424840355828657,0.025423728813559324,18.30100149370856,6.0684098550828836,9.115267864728379
7,0.24475658328636832,0.07827352613642596,10.35336490990459,7.022823298322981,10.800257271614628
