Object,Ag107,Cytokeratin 5,Laminin,YBX1,H3K27Ac
1,0.3245745102564494,0.09704324568825207,54.54370413018369,6.15397930419308,15.63132624516542
2,0.5033363392576575,0.1016274462454021,15.679105456918478,7.188816115260124,21.46225299499929
3,0.42154805446570776,0.06578231757541872,29.708626219686472,7.749916465777271,17.92251665187332
4,0.2738896672790115,0.05405405405405406,2.914601332432515,5.556000026496681,20.74999316318615
5,0.2739893259673283,0.04869190577802987,2.955743974652784,5.565564147357283,17.19112623148951
6,0.4242297247532875,0.03225806451612903,13.525740795558498,7.5249762900414,15.506300118661695
7,0.39366452260450885,0.09156582572243431,10.142809209197459,10.018919867698592,11.741081006599195
8,0.1595472296079,0.12148795127868653,11.526161869366964,8.211662060022354,14.806612771749496
9,0.5465883038662098,0.0,15.1152055616732,8.698105721561998,5.340202607490398
