Object,Ag107,Cytokeratin 5,Laminin,YBX1,H3K27Ac
1,0.3695457999048562,22.126699438639754,22.041743031606593,1.9445237378621925,4.090173649376836
2,0.2375669887191371,52.01180645081035,1.3984441433036536,3.6321407151849647,2.5667382137817247
3,0.32129145079645616,56.640011248095284,19.24488964985157,3.8347329698759935,4.796999613169966
4,0.610077232645269,91.43056901923397,0.5914247820251867,4.795595166975992,1.8766373061297232
5,0.2857513562793589,39.74730313806498,6.1287526910224654,3.5318988989131728,2.844569880864147
6,0.46522498424091036,174.50903378138466,1.4646110640631782,3.747922502245222,2.3788703167249285
7,0.3106642576179119,32.55977345837487,0.5584934161166952,3.7056836636379513,3.2954276625556176
8,0.332510400613149,93.46374917348226,0.5306833012898763,3.8702250186602276,3.407190879980723
9,0.2829950820315968,36.20949390909889,1.375818314606493,4.862508109482852,7.4049705234440895
